{
  "eval_file": "data/eval_set.jsonl",
  "checkpoint_dir": "./output_model",
  "device": "cuda",
  "checkpoints": [
    {
      "epoch": 1,
      "checkpoint_path": "./output_model/checkpoint_epoch_1",
      "metrics": {
        "accuracy": 0.6997675190966456,
        "precision": 0.3744319903059679,
        "recall": 0.8637316561844863,
        "f1": 0.5224006762468301,
        "precision_per_class": [
          0.9538625340115935,
          0.3744319903059679
        ],
        "recall_per_class": [
          0.6612810629049455,
          0.8637316561844863
        ],
        "f1_per_class": [
          0.7810713939746198,
          0.5224006762468301
        ],
        "confusion_matrix": [
          [
            16126,
            8260
          ],
          [
            780,
            4944
          ]
        ]
      }
    },
    {
      "epoch": 2,
      "checkpoint_path": "./output_model/checkpoint_epoch_2",
      "metrics": {
        "accuracy": 0.7529392228495516,
        "precision": 0.42795933798202135,
        "recall": 0.889937106918239,
        "f1": 0.5779769671526636,
        "precision_per_class": [
          0.9653979238754326,
          0.42795933798202135
        ],
        "recall_per_class": [
          0.7207824161404084,
          0.889937106918239
        ],
        "f1_per_class": [
          0.8253468879862889,
          0.5779769671526636
        ],
        "confusion_matrix": [
          [
            17577,
            6809
          ],
          [
            630,
            5094
          ]
        ]
      }
    },
    {
      "epoch": 3,
      "checkpoint_path": "./output_model/checkpoint_epoch_3",
      "metrics": {
        "accuracy": 0.7771504483560279,
        "precision": 0.4588824020016681,
        "recall": 0.9612159329140462,
        "f1": 0.6212035677994806,
        "precision_per_class": [
          0.9877483443708609,
          0.4588824020016681
        ],
        "recall_per_class": [
          0.7339457065529402,
          0.9612159329140462
        ],
        "f1_per_class": [
          0.8421399331859032,
          0.6212035677994806
        ],
        "confusion_matrix": [
          [
            17898,
            6488
          ],
          [
            222,
            5502
          ]
        ]
      }
    },
    {
      "epoch": 4,
      "checkpoint_path": "./output_model/checkpoint_epoch_4",
      "metrics": {
        "accuracy": 0.7769843905679177,
        "precision": 0.45999192571659264,
        "recall": 0.9952830188679245,
        "f1": 0.6291899055718151,
        "precision_per_class": [
          0.9984767277856136,
          0.45999192571659264
        ],
        "recall_per_class": [
          0.7257442795046338,
          0.9952830188679245
        ],
        "f1_per_class": [
          0.840540476360096,
          0.6291899055718151
        ],
        "confusion_matrix": [
          [
            17698,
            6688
          ],
          [
            27,
            5697
          ]
        ]
      }
    },
    {
      "epoch": 5,
      "checkpoint_path": "./output_model/checkpoint_epoch_5",
      "metrics": {
        "accuracy": 0.8700431750249087,
        "precision": 0.5949061943192537,
        "recall": 0.9916142557651991,
        "f1": 0.7436619718309859,
        "precision_per_class": [
          0.99766639117118,
          0.5949061943192537
        ],
        "recall_per_class": [
          0.8415074222914787,
          0.9916142557651991
        ],
        "f1_per_class": [
          0.9129574018462907,
          0.7436619718309859
        ],
        "confusion_matrix": [
          [
            20521,
            3865
          ],
          [
            48,
            5676
          ]
        ]
      }
    },
    {
      "epoch": 6,
      "checkpoint_path": "./output_model/checkpoint_epoch_6",
      "metrics": {
        "accuracy": 0.9115576220524743,
        "precision": 0.6835351960666747,
        "recall": 0.9958071278825996,
        "f1": 0.8106378439877693,
        "precision_per_class": [
          0.998897616094805,
          0.6835351960666747
        ],
        "recall_per_class": [
          0.891782170097597,
          0.9958071278825996
        ],
        "f1_per_class": [
          0.9423056091167104,
          0.8106378439877693
        ],
        "confusion_matrix": [
          [
            21747,
            2639
          ],
          [
            24,
            5700
          ]
        ]
      }
    },
    {
      "epoch": 7,
      "checkpoint_path": "./output_model/checkpoint_epoch_7",
      "metrics": {
        "accuracy": 0.9286615742278312,
        "precision": 0.7281776416539051,
        "recall": 0.9968553459119497,
        "f1": 0.8415929203539823,
        "precision_per_class": [
          0.9991918829128131,
          0.7281776416539051
        ],
        "recall_per_class": [
          0.9126548019355368,
          0.9968553459119497
        ],
        "f1_per_class": [
          0.9539648521217317,
          0.8415929203539823
        ],
        "confusion_matrix": [
          [
            22256,
            2130
          ],
          [
            18,
            5706
          ]
        ]
      }
    },
    {
      "epoch": 8,
      "checkpoint_path": "./output_model/checkpoint_epoch_8",
      "metrics": {
        "accuracy": 0.9421786781800067,
        "precision": 0.7681432610744581,
        "recall": 0.996680642907058,
        "f1": 0.8676146300661547,
        "precision_per_class": [
          0.9991623682934356,
          0.7681432610744581
        ],
        "recall_per_class": [
          0.9293857131140818,
          0.996680642907058
        ],
        "f1_per_class": [
          0.9630117487093416,
          0.8676146300661547
        ],
        "confusion_matrix": [
          [
            22664,
            1722
          ],
          [
            19,
            5705
          ]
        ]
      }
    }
  ],
  "summary": {
    "total_checkpoints": 8,
    "successful_evaluations": 8,
    "best_checkpoint": {
      "epoch": 8,
      "f1_score": 0.8676146300661547,
      "accuracy": 0.9421786781800067,
      "precision": 0.7681432610744581,
      "recall": 0.996680642907058
    },
    "f1_scores": {
      "1": 0.5224006762468301,
      "2": 0.5779769671526636,
      "3": 0.6212035677994806,
      "4": 0.6291899055718151,
      "5": 0.7436619718309859,
      "6": 0.8106378439877693,
      "7": 0.8415929203539823,
      "8": 0.8676146300661547
    },
    "accuracy_scores": {
      "1": 0.6997675190966456,
      "2": 0.7529392228495516,
      "3": 0.7771504483560279,
      "4": 0.7769843905679177,
      "5": 0.8700431750249087,
      "6": 0.9115576220524743,
      "7": 0.9286615742278312,
      "8": 0.9421786781800067
    }
  }
}